{
  "type": "HTTP",
  "vendor": "Citrix",
  "id": "7c1f851b-41bb-4fc6-8356-57fc7281744f",
  "title": "Salesforce Approval Custom",
  "description": "Salesforce lets you build a mobile app connected to your Salesforce instance.",
  "iconUrl": "https://ctx-ws-cdn.cloud.com/assets/microapps/exported/Salesforce.43b28006ce57d083904eaa95297a166d.svg",
  "masVersion": "0.8.0",
  "categories": [
    "INTERNAL_DEVELOPMENT",
    "WEB_SERVICES"
  ],
  "created": "2019-12-16T00:00:00",
  "supportsOAuthForActions": false,
  "i18nLanguages": [
    "en"
  ],
  "apps": [
    {
      "uuid": "7c1f851b-41bb-4fc6-8356-57fc7281744f",
      "title": "Approvals",
      "action": false,
      "numberOfEvents": 0
    }
  ],
  "vaResolvers": [
    {
      "name": "7c1f851b-41bb-4fc6-8356-57fc7281744f",
      "intentName": "intent12345"
    }
  ],
  "tags": [
    {
      "tag": "privacyUrl",
      "value": ""
    },
    {
      "tag": "termsOfUseUrl",
      "value": ""
    },
    {
      "tag": "helpUrl",
      "value": "https://docs.citrix.com/en-us/preview/citrix-workspace-microapps-developer-guide.html"
    }
  ]
}
